psbp_id,scientific_name,common_name,group,resolved_taxon_id,observations_in_project,photos_total,cc0,cc_by,cc_by_nc,cc_by_sa,cc_by_nd,cc_by_nc_sa,cc_by_nc_nd,all_rights_reserved,usable_total,usable_no_nd,note
PSBP-00001,Crinum asiaticum,Tree Crinum,plant,161124,10,17,0,0,10,0,3,0,0,4,13,10,
PSBP-00002,Melaleuca viminalis,Weeping Bottlebrush,plant,77977,5,8,0,0,8,0,0,0,0,0,8,8,
PSBP-00003,Pseudophoenix sargentii,Buccaneer Palm,plant,167506,0,0,0,0,0,0,0,0,0,0,0,0,no observations of this taxon in project
PSBP-00004,Ceiba speciosa,Silk Floss Tree,plant,154290,2,4,0,0,3,0,0,0,0,1,3,3,
PSBP-00005,Lagerstroemia speciosa,Queen's Crepe Myrtle,plant,133607,6,10,0,0,10,0,0,0,0,0,10,10,
PSBP-00006,Jatropha integerrima,Peregrina,plant,164240,4,7,0,0,6,0,0,0,0,1,6,6,
PSBP-00007,Jacaranda mimosifolia,Jacaranda,plant,77541,1,2,0,0,2,0,0,0,0,0,2,2,
PSBP-00008,Helianthus debilis,Beach Sunflower,plant,126565,4,4,0,0,4,0,0,0,0,0,4,4,
PSBP-00009,Gaillardia pulchella,Firewheel,plant,51768,4,4,0,0,4,0,0,0,0,0,4,4,
PSBP-00010,Cordia sebestena,Geiger Tree,plant,160878,5,11,0,0,11,0,0,0,0,0,11,11,
PSBP-00011,Adansonia digitata,Baobab,plant,81500,4,10,0,0,5,0,0,0,0,5,5,5,
PSBP-00012,Caesalpinia pulcherrima,Dwarf Poinciana,plant,60439,5,10,0,0,4,0,1,0,0,5,5,4,
PSBP-00013,Mimosa strigillosa,Sunshine Mimosa,plant,165400,3,3,0,0,3,0,0,0,0,0,3,3,
PSBP-00014,Petrea volubilis,Queen's Wreath,plant,166546,5,10,0,0,4,0,0,0,0,6,4,4,
PSBP-00015,Erythrina herbacea,Coral Bean,plant,128717,1,3,0,0,0,0,0,0,0,3,0,0,
PSBP-00016,Acalypha wilkesiana,Copperleaf,plant,281562,3,5,0,0,4,0,1,0,0,0,5,4,
PSBP-00017,Acoelorrhaphe wrightii,Paurotis Palm,plant,155598,1,5,0,0,5,0,0,0,0,0,5,5,
PSBP-00018,Bursera simaruba,Gumbo Limbo,plant,130734,2,2,0,0,2,0,0,0,0,0,2,2,
PSBP-00019,Hyophorbe lagenicaulis,Bottle Palm,plant,208797,1,1,0,0,1,0,0,0,0,0,1,1,
PSBP-00020,Phoenix canariensis,Canary Island Date Palm,plant,78554,1,1,0,0,1,0,0,0,0,0,1,1,
PSBP-00021,Ravenala madagascariensis,Traveller's Palm,plant,1311723,2,3,0,0,1,0,0,0,0,2,1,1,
PSBP-00022,Strelitzia nicolai,White Bird of Paradise,plant,135250,2,2,0,0,2,0,0,0,0,0,2,2,
PSBP-00023,Taxodium distichum,Bald Cypress,plant,49666,0,0,0,0,0,0,0,0,0,0,0,0,no observations of this taxon in project
PSBP-00024,Zamia integrifolia,Coontie Palm,plant,135560,0,0,0,0,0,0,0,0,0,0,0,0,no observations of this taxon in project
PSBP-00025,Ilex cassine,Dahoon Holly,plant,164035,3,8,0,0,5,0,0,0,0,3,5,5,
PSBP-00026,Muhlenbergia capillaris,Muhly Grass,plant,165543,1,1,0,0,1,0,0,0,0,0,1,1,
PSBP-00027,Quercus virginiana,Live Oak,plant,49013,1,1,0,0,1,0,0,0,0,0,1,1,
PSBP-00028,Rhizophora mangle,Red Mangrove,plant,60335,1,1,0,0,1,0,0,0,0,0,1,1,
PSBP-00029,Thalia geniculata,Alligator Flag,plant,127912,1,2,0,0,2,0,0,0,0,0,2,2,
PSBP-00030,Tripsacum dactyloides,Fakahatchee Grass,plant,126563,1,3,0,0,3,0,0,0,0,0,3,3,
PSBP-00031,Ulmus americana,American Elm,plant,53547,1,3,0,0,3,0,0,0,0,0,3,3,
PSBP-00032,Swietenia mahagoni,Mahogany,plant,497641,0,0,0,0,0,0,0,0,0,0,0,0,no observations of this taxon in project
PSBP-00033,Zanthoxylum fagara,Wild Lime,plant,170401,3,5,0,0,5,0,0,0,0,0,5,5,
PSBP-00034,Canna flaccida,Golden Canna,plant,127279,2,2,0,0,2,0,0,0,0,0,2,2,
PSBP-00035,Roystonea regia,Royal Palm,plant,201453,1,2,0,0,2,0,0,0,0,0,2,2,
PSBP-00036,Delonix regia,Royal Poinciana,plant,62839,8,13,0,0,8,0,0,0,0,5,8,8,
PSBP-00037,Schefflera actinophylla,Umbrella Tree,plant,1268642,1,2,0,0,2,0,0,0,0,0,2,2,
PSBP-00038,Ruellia simplex,Mexican Petunia,plant,126633,4,6,0,0,6,0,0,0,0,0,6,6,
PSBP-00039,Calotropis gigantea,Giant Milkweed,plant,67574,3,3,0,0,2,0,0,0,0,1,2,2,
PSBP-00040,Agave americana,Century Plant,plant,64103,2,3,0,0,3,0,0,0,0,0,3,3,
PSBP-00041,Canna × generalis,Canna Lilies,plant,1535043,0,0,0,0,0,0,0,0,0,0,0,0,no observations of this taxon in project
PSBP-00042,Heliotropium angiospermum,Scorpion Tail,plant,48895,5,6,0,0,6,0,0,0,0,0,6,6,
PSBP-00043,Dietes bicolor,African Iris,plant,125855,3,4,0,0,4,0,0,0,0,0,4,4,
PSBP-00044,Pandanus utilis,Screw Pine,plant,70022,4,6,0,0,4,0,0,0,0,2,4,4,
PSBP-00045,Plumbago auriculata,Plumbago,plant,78631,2,3,0,0,3,0,0,0,0,0,3,3,
PSBP-00046,Dracaena trifasciata,Snake Plant,plant,67710,1,1,0,0,1,0,0,0,0,0,1,1,
PSBP-00047,Platycerium spp,Staghorn Fern,plant,,0,0,0,0,0,0,0,0,0,0,0,0,taxon not resolved — check botanical name; genus-level entry
PSBP-00048,Thaumatophyllum xanadu,Xanadu,plant,985726,2,4,0,0,4,0,0,0,0,0,4,4,
PSBP-00049,Spathiphyllum spp,Peace Lily,plant,,0,0,0,0,0,0,0,0,0,0,0,0,taxon not resolved — check botanical name; genus-level entry
PSBP-00050,Acalypha hispida,Chenille Plant,plant,208742,1,3,0,0,0,0,0,0,0,3,0,0,
PSBP-00051,Pseudobombax ellipticum,Shaving-Brush Tree,plant,201454,1,3,0,0,3,0,0,0,0,0,3,3,
PSBP-00052,Pseudogynoxys chenopodioides,Mexican Flame Vine,plant,156463,1,3,0,0,3,0,0,0,0,0,3,3,
PSBP-00053,Pentas lanceolata,Pentas,plant,68317,4,5,0,0,5,0,0,0,0,0,5,5,
PSBP-00054,Coccoloba pubescens,Grandleaf Seagrape,plant,361831,3,5,0,0,5,0,0,0,0,0,5,5,
PSBP-00055,Abutilon hulseanum,Mauve Indian Mallow,plant,157841,1,2,0,0,2,0,0,0,0,0,2,2,
PSBP-00056,Heliconia psittacorum,Parrots Beak,plant,260753,1,2,0,0,2,0,0,0,0,0,2,2,
PSBP-00057,Morella cerifera,Wax Myrtle,plant,119956,2,5,0,0,5,0,0,0,0,0,5,5,
PSBP-00058,Acrostichum danaeifolium,Giant Leather Fern,plant,130818,2,3,0,0,3,0,0,0,0,0,3,3,
PSBP-00059,Callicarpa americana,Beautyberry,plant,49193,3,4,0,0,4,0,0,0,0,0,4,4,
PSBP-00060,Ceiba pentandra,Kapok,plant,62809,3,9,0,0,6,0,0,0,0,3,6,6,
PSBP-00061,Trimezia steyermarkii,Yellow Walking Iris,plant,284175,1,2,0,0,2,0,0,0,0,0,2,2,
PSBP-00062,Senna alata,Candelabra Bush,plant,81515,5,12,0,0,5,0,0,0,0,7,5,5,
PSBP-00063,Clerodendrum paniculatum,Pagoda Flower,plant,343901,2,4,0,0,0,0,1,0,0,3,1,0,
PSBP-00064,Ixora coccinea,Ixora Maui Yellow,plant,133309,5,12,0,0,12,0,0,0,0,0,12,12,
PSBP-00065,Nandina domestica,Heavenly Bamboo,plant,127010,1,4,0,0,4,0,0,0,0,0,4,4,
PSBP-00066,Sagittaria lancifolia,Lanceleaf Arrowhead,plant,69813,2,6,0,0,3,0,0,0,0,3,3,3,
PSBP-00067,Catharanthus roseus,Madagascar Periwinkle,plant,62924,13,16,0,0,16,0,0,0,0,0,16,16,
PSBP-00068,Ficus aurea,Florida Strangler Fig,plant,120934,2,5,0,0,5,0,0,0,0,0,5,5,
PSBP-00069,Quercus myrtifolia,Myrtle Oak,plant,167660,1,3,0,0,3,0,0,0,0,0,3,3,
PSBP-00070,Clerodendrum indicum,Turk's Turban,plant,160741,5,8,0,0,5,0,0,0,0,3,5,5,
PSBP-00071,Cordyline fruticosa,Ti Plant,plant,123572,4,8,0,0,8,0,0,0,0,0,8,8,
PSBP-00072,Tecoma stans,Yellow Trumpet Flower,plant,48363,5,10,0,0,10,0,0,0,0,0,10,10,
PSBP-00073,Thunbergia erecta,King's Mantle,plant,169741,2,3,0,0,3,0,0,0,0,0,3,3,
PSBP-00074,Hamelia patens,Firebush,plant,126305,3,4,0,0,4,0,0,0,0,0,4,4,
PSBP-00075,Aristolochia gigantea,Brazilian Dutchman's Pipe,plant,71036,2,3,0,0,1,0,0,0,0,2,1,1,
PSBP-00076,Bougainvillea spectabilis,Great Bougainvillea,plant,62949,1,1,0,0,1,0,0,0,0,0,1,1,
PSBP-00077,Thunbergia grandiflora,Bengal Trumpet,plant,129036,1,5,0,0,0,0,0,0,0,5,0,0,
PSBP-00078,Asclepias incarnata,Swamp Milkweed,plant,125381,1,1,0,0,1,0,0,0,0,0,1,1,
PSBP-00079,Carica papaya,Papaya,plant,62811,4,5,0,0,5,0,0,0,0,0,5,5,
PSBP-00080,Selenicereus undatus,Dragon Fruit,plant,1038928,6,8,0,0,5,0,0,0,0,3,5,5,
PSBP-00081,Tillandsia recurvata,Ball Moss,plant,84002,4,5,0,0,5,0,0,0,0,0,5,5,
PSBP-00082,Caryota mitis,Burmese Fishtail Palm,plant,160169,2,6,0,0,6,0,0,0,0,0,6,6,
PSBP-00083,Pachypodium lamerei,Madagascar Palm,plant,320055,2,3,0,0,3,0,0,0,0,0,3,3,
PSBP-00084,Phoenix reclinata,Reclining Date Palm,plant,166729,2,5,0,0,5,0,0,0,0,0,5,5,
PSBP-00085,Rhapis excelsa,Little Lady Palm,plant,283915,1,2,0,0,2,0,0,0,0,0,2,2,
PSBP-00086,Moringa oleifera,Moringa,plant,165529,4,10,0,0,4,0,0,0,0,6,4,4,
PSBP-00087,Plumeria rubra,Mexican Plumeria,plant,123438,10,14,0,0,12,0,1,0,0,1,13,12,
PSBP-00088,Stachytarpheta cayennensis,Blue Porterweed,plant,126569,2,5,0,0,2,0,0,0,0,3,2,2,
PSBP-00089,Guilandina bonduc,Gray Nickernut,plant,851888,2,6,0,0,6,0,0,0,0,0,6,6,
PSBP-00090,Mangifera indica,Mango,plant,48872,5,9,0,0,9,0,0,0,0,0,9,9,
PSBP-00091,Calliandra tergemina,Pink Powderpuff,plant,279439,4,8,0,0,2,0,0,0,0,6,2,2,
PSBP-00092,Tradescantia pallida,Purple Heart,plant,169872,3,6,0,0,3,0,0,0,0,3,3,3,
PSBP-00093,Bougainvillea glabra,Lesser Bougainvillea,plant,159346,6,13,0,0,8,0,0,0,0,5,8,8,
PSBP-00094,Clitoria ternatea,Butterfly Pea,plant,160759,2,5,0,0,3,0,0,0,0,2,3,3,
PSBP-00095,Tradescantia spathacea,Moses-in-the-Cradle,plant,169878,2,5,0,0,5,0,0,0,0,0,5,5,
PSBP-00096,Malpighia emarginata,Barbados Cherry,plant,285445,2,2,0,0,2,0,0,0,0,0,2,2,
PSBP-00097,Clerodendrum quadriloculare,Starburst Bush,plant,343820,2,3,0,0,3,0,0,0,0,0,3,3,
PSBP-00098,Sophora tomentosa,Necklace Pod,plant,127036,2,2,0,0,1,0,0,0,0,1,1,1,
PSBP-00099,Zephyranthes robusta,Pink Rain Lily,plant,1264664,2,2,0,0,1,0,0,0,0,1,1,1,
PSBP-00100,Crotalaria spectabilis,Showy Rattlebox,plant,161150,3,6,0,0,2,0,0,0,0,4,2,2,
PSBP-00101,Lantana strigocamara,Lantana,plant,370492,2,2,0,0,2,0,0,0,0,0,2,2,
PSBP-00102,Bombax ceiba,Red Silk Cotton Tree,plant,68313,5,12,0,0,12,0,0,0,0,0,12,12,
PSBP-00103,Hydrocotyle verticillata,Dollarweed,plant,60121,1,3,0,0,0,0,0,0,0,3,0,0,
PSBP-00104,Psychotria nervosa,Shiny-leaved Wild Coffee,plant,51599,1,2,0,0,2,0,0,0,0,0,2,2,
PSBP-00105,Spermacoce verticillata,Shrubby False Buttonweed,plant,169171,1,3,0,0,0,0,0,0,0,3,0,0,
PSBP-00106,Mirabilis jalapa,Four-o-clock,plant,50616,1,4,0,0,0,0,0,0,0,4,0,0,
PSBP-00107,Sphagneticola trilobata,Wedelia,plant,246102,2,4,0,0,4,0,0,0,0,0,4,4,
PSBP-00108,Richardia grandiflora,Largeflower Pusley,plant,52078,1,4,0,0,4,0,0,0,0,0,4,4,
PSBP-00109,Zeuxine strateumatica,Lawn Orchid,plant,124426,1,1,0,0,1,0,0,0,0,0,1,1,
PSBP-00110,Crotalaria pallida,Smooth Rattlebox,plant,161146,1,2,0,0,2,0,0,0,0,0,2,2,
PSBP-00111,Hibiscus acetosella,Cranberry Hibiscus,plant,1686223,1,1,0,0,0,0,0,0,0,1,0,0,
PSBP-00112,Bauhinia variegata,Orchid Tree,plant,68225,1,3,0,0,3,0,0,0,0,0,3,3,
PSBP-00113,Phyla nodiflora,Turkey Tangle Frogfruit,plant,59040,1,1,0,0,1,0,0,0,0,0,1,1,
PSBP-00114,Bauhinia monandra,Pink Orchid Tree,plant,159199,1,1,0,0,0,0,0,0,0,1,0,0,
PSBP-00115,Youngia japonica,Oriental False Hawksbeard,plant,127066,1,1,0,0,0,0,0,0,0,1,0,0,
PSBP-00116,Baccharis halimifolia,Saltbush,plant,84813,1,1,0,0,1,0,0,0,0,0,1,1,
PSBP-00117,Solidago mexicana,Southern Seaside Goldenrod,plant,954006,1,1,0,0,1,0,0,0,0,0,1,1,
PSBP-00118,Jatropha multifida,Coral Plant,plant,164242,4,8,0,0,6,0,0,0,0,2,6,6,
PSBP-00119,Viburnum odoratissimum,Sweet Viburnum,plant,357524,8,15,0,0,12,0,0,0,0,3,12,12,
PSBP-00120,Codiaeum variegatum,Garden Croton,plant,127387,5,9,0,0,9,0,0,0,0,0,9,9,
PSBP-00121,Eucharis amazonica,Amazon Lily,plant,913367,1,1,0,0,1,0,0,0,0,0,1,1,genus-level entry
PSBP-00122,Viburnum obovatum,Walter's Viburnum,plant,170202,1,1,0,0,1,0,0,0,0,0,1,1,
PSBP-00123,Punica granatum,Pomegranate,plant,58300,5,12,0,0,12,0,0,0,0,0,12,12,
PSBP-00124,Averrhoa carambola,Starfruit,plant,146977,4,10,0,0,7,0,0,0,0,3,7,7,
PSBP-00125,Cassia fistula,Golden Shower Tree,plant,68679,4,7,0,0,7,0,0,0,0,0,7,7,
PSBP-00126,Dimocarpus longan,Longan,plant,191503,4,9,0,0,9,0,0,0,0,0,9,9,
PSBP-00127,Diospyros nigra,Black Sapote,plant,343829,2,4,0,0,4,0,0,0,0,0,4,4,
PSBP-00128,Annona glabra,Pond Apple,plant,69972,2,4,0,0,4,0,0,0,0,0,4,4,
PSBP-00129,Persea americana,Avocado,plant,62831,2,4,0,0,1,0,0,0,0,3,1,1,
PSBP-00130,Ananas comosus,Pineapple,plant,122965,2,4,0,0,1,0,0,0,0,3,1,1,
PSBP-00132,Artocarpus heterophyllus,Jackfruit,plant,123003,2,4,0,0,2,0,0,0,0,2,2,2,
PSBP-00135,Cananga odorata,Ylang-Ylang,plant,154842,2,3,0,0,2,0,0,0,0,1,2,2,
PSBP-00136,Pachira,Money Tree,plant,154862,3,8,0,0,4,0,0,0,0,4,4,4,genus-level entry
PSBP-00137,Sabal palmetto,Cabbage Palmetto,plant,123481,4,9,0,0,9,0,0,0,0,0,9,9,
PSBP-00139,Lagerstroemia,Crape-myrtle,plant,68717,12,23,0,0,20,0,0,0,0,3,20,20,genus-level entry
PSBP-00141,Pandanus,Screwpine,plant,70025,11,16,0,0,13,0,0,0,0,3,13,13,genus-level entry
PSBP-00143,Bougainvillea,Bougainvillea,plant,53804,10,19,0,0,11,0,0,0,0,8,11,11,genus-level entry
PSBP-00145,Ixora,Ixora,plant,133310,9,18,0,0,18,0,0,0,0,0,18,18,genus-level entry
PSBP-00146,Jasminum laurifolium,Angel-wing Jasmine,plant,344943,3,5,0,0,5,0,0,0,0,0,5,5,
PSBP-00147,Clusia rosea,Autograph Tree,plant,160760,2,4,0,0,4,0,0,0,0,0,4,4,
PSBP-00148,Zamia furfuracea,Cardboard Cycad,plant,135559,3,4,0,0,4,0,0,0,0,0,4,4,
PSBP-00149,Calotropis,Giant Milkweed,plant,67577,5,5,0,0,3,0,0,0,0,2,3,3,genus-level entry
PSBP-00150,Brunfelsia,Yesterday-Today-Tomorrow,plant,184500,3,8,0,0,4,0,0,0,0,4,4,4,genus-level entry
PSBP-00151,Hippeastrum,Amaryllis,plant,51833,2,2,0,0,2,0,0,0,0,0,2,2,genus-level entry
PSBP-00152,Duranta erecta,Skyflower,plant,162153,2,6,0,0,3,0,0,0,0,3,3,3,
PSBP-00153,Dietes,Fortnight Lily,plant,125854,6,9,0,0,6,0,1,0,0,2,7,6,genus-level entry
PSBP-00155,Cordia boissieri,Texas Olive,plant,160873,3,6,0,0,6,0,0,0,0,0,6,6,
PSBP-00156,Salvia coccinea,Tropical Sage,plant,128652,2,2,0,0,2,0,0,0,0,0,2,2,
PSBP-00157,Borrichia frutescens,Sea Ox-eye Daisy,plant,127270,4,4,0,0,4,0,0,0,0,0,4,4,
PSBP-00158,Lycium carolinianum,Carolina Wolfberry,plant,133327,3,3,0,0,3,0,0,0,0,0,3,3,
PSBP-00159,Nymphaea odorata,American White Waterlily,plant,51119,2,2,0,0,2,0,0,0,0,0,2,2,
PSBP-00160,Canavalia rosea,Beach Bean,plant,131242,2,2,0,0,2,0,0,0,0,0,2,2,
PSBP-00161,Bidens alba,White Beggarticks,plant,1095846,3,5,0,0,5,0,0,0,0,0,5,5,
PSBP-00163,Cryptostegia madagascariensis,Madagascar Rubbervine,plant,161235,2,2,0,0,2,0,0,0,0,0,2,2,
PSBP-00164,Senna pendula,Christmas Senna,plant,138577,2,2,0,0,2,0,0,0,0,0,2,2,
PSBP-00165,Carpobrotus,Sea Fig,plant,49323,5,9,0,0,6,0,0,0,0,3,6,6,genus-level entry
PSBP-99953,Leptotes cassius,Cassius Blue,animal,51534,1,1,0,0,1,0,0,0,0,0,1,1,
PSBP-99954,Urbanus proteus,Long-tailed Skipper,animal,67435,1,1,0,0,0,0,0,0,0,1,0,0,
PSBP-99955,Callinectes sapidus,Atlantic Blue Crab,animal,49504,1,3,0,0,3,0,0,0,0,0,3,3,
PSBP-99956,Cryptolaemus montrouzieri,Mealybug Destroyer,animal,244084,1,1,0,0,1,0,0,0,0,0,1,1,
PSBP-99957,Zelus longipes,Milkweed Assassin Bug,animal,133826,1,2,0,0,0,0,0,0,0,2,0,0,
PSBP-99958,Utetheisa ornatrix,Ornate Bella Moth,animal,67440,1,2,0,0,2,0,0,0,0,0,2,2,
PSBP-99959,Orthemis ferruginea,Roseate Skimmer,animal,68233,2,2,0,0,1,0,0,0,0,1,1,1,
PSBP-99960,Perithemis tenera,Eastern Amberwing,animal,59776,2,2,0,0,1,0,0,0,0,1,1,1,
PSBP-99961,Ascalapha odorata,Black Witch Moth,animal,61503,2,7,0,0,3,0,0,0,0,4,3,3,
PSBP-99962,Anolis carolinensis,Green Anole,animal,36514,1,1,0,0,1,0,0,0,0,0,1,1,
PSBP-99963,Zenaida macroura,Mourning Dove,animal,3454,1,1,0,0,1,0,0,0,0,0,1,1,
PSBP-99964,Anas platyrhynchos × fulvigula,Mottled Duck,animal,465713,3,4,0,0,3,0,0,0,0,1,3,3,
PSBP-99965,Cyanocitta cristata,Blue Jay,animal,8229,2,6,0,0,0,0,0,0,0,6,0,0,
PSBP-99966,Podilymbus podiceps,Pied-billed Grebe,animal,4246,1,2,0,0,2,0,0,0,0,0,2,2,
PSBP-99967,Nycticorax nycticorax,Black-crowned Night Heron,animal,4981,1,1,0,0,1,0,0,0,0,0,1,1,
PSBP-99968,Mimus polyglottos,Northern Mockingbird,animal,14886,1,1,0,0,1,0,0,0,0,0,1,1,
PSBP-99969,Dryocopus pileatus,Pileated Woodpecker,animal,17855,1,1,0,0,1,0,0,0,0,0,1,1,
PSBP-99970,Dione vanillae,Gulf Fritillary,animal,49150,2,2,0,0,2,0,0,0,0,0,2,2,
PSBP-99971,Heliconius charithonia tuckeri,Florida Zebra Longwing,animal,49765,1,1,0,0,1,0,0,0,0,0,1,1,
PSBP-99972,Butorides virescens,Green Heron,animal,5020,2,2,0,0,0,0,0,0,0,2,0,0,
PSBP-99973,Phoebis sennae,Cloudless Sulphur,animal,48550,1,2,0,0,2,0,0,0,0,0,2,2,
PSBP-99974,Anartia jatrophae,White Peacock,animal,49761,2,3,0,0,3,0,0,0,0,0,3,3,
PSBP-99975,Pseudemys nelsoni,Florida Red-bellied Cooter,animal,39824,2,3,0,0,2,0,0,0,0,1,2,2,
PSBP-99976,Trachemys scripta,Pond Slider,animal,39782,2,2,0,0,1,0,1,0,0,0,2,1,
PSBP-99977,Nyctanassa violacea,Yellow-crowned Night Heron,animal,4999,2,2,0,0,1,0,0,0,0,1,1,1,
PSBP-99978,Cardinalis cardinalis,Northern Cardinal,animal,9083,2,2,0,0,2,0,0,0,0,0,2,2,
PSBP-99979,Megascops asio floridanus,Florida Screech-Owl,animal,725930,1,3,0,0,3,0,0,0,0,0,3,3,
PSBP-99980,Phocides batabano okeechobee,Florida Mangrove Skipper,animal,1607213,2,2,0,0,1,0,0,0,0,1,1,1,
PSBP-99981,Pelecanus erythrorhynchos,American White Pelican,animal,4334,1,1,0,0,1,0,0,0,0,0,1,1,
PSBP-99982,Pandion haliaetus,Osprey,animal,116999,2,4,0,0,0,0,0,1,0,3,1,1,
PSBP-99983,Haliaeetus leucocephalus,Bald Eagle,animal,5305,1,1,0,0,0,0,0,0,0,1,0,0,
PSBP-99984,Aix sponsa,Wood Duck,animal,7107,2,3,0,0,0,0,0,0,0,3,0,0,
PSBP-99985,Egretta tricolor,Tricolored Heron,animal,4938,3,6,0,0,5,0,0,0,0,1,5,5,
PSBP-99986,Apalone ferox,Florida Softshell Turtle,animal,39566,2,2,0,0,2,0,0,0,0,0,2,2,
PSBP-99987,Platalea ajaja,Roseate Spoonbill,animal,62529,2,5,0,0,0,0,0,0,0,5,0,0,
PSBP-99988,Pseudemys peninsularis,Peninsular Cooter,animal,39825,2,3,0,0,1,0,0,0,0,2,1,1,
PSBP-99989,Nannopterum auritum,Double-crested Cormorant,animal,1454382,3,3,0,0,1,0,0,0,0,2,1,1,
PSBP-99990,Sciurus carolinensis,Eastern Gray Squirrel,animal,46017,5,5,0,0,5,0,0,0,0,0,5,5,
PSBP-99991,Anas fulvigula,Mottled Duck,animal,6948,2,2,0,0,2,0,0,0,0,0,2,2,
PSBP-99992,Mycteria americana,Wood Stork,animal,4742,4,8,0,0,2,0,0,0,0,6,2,2,
PSBP-99993,Ardea herodias,Great Blue Heron,animal,4956,5,6,0,0,5,0,0,0,0,1,5,5,
PSBP-99994,Danaus plexippus,Monarch,animal,48662,4,8,0,0,8,0,0,0,0,0,8,8,
PSBP-99995,Ardea alba,Great Egret,animal,144455,7,16,0,0,9,0,0,0,0,7,9,9,
PSBP-99996,Gallinula galeata,Common Gallinule,animal,144479,11,16,0,0,10,0,0,0,0,6,10,10,
PSBP-99997,Eudocimus albus,White Ibis,animal,3751,12,19,0,0,14,0,0,0,0,5,14,14,
PSBP-99998,Anhinga anhinga,Anhinga,animal,5063,10,22,0,0,11,0,0,0,0,11,11,11,
PSBP-99999,Anolis sagrei,Brown Anole,animal,116461,24,27,0,0,25,0,0,0,0,2,25,25,
