PSBP ID,Type,Common Name,Scientific Name,Photo Role,Primary,Photographer,License,Publish-OK,Status,Credit Line,Photo URL,Source URL,Photo ID,Filename
PSBP-00001,Plant,Tree Crinum,Crinum asiaticum,primary,Yes,teschaim,cc-by-nc,Yes,OK,© teschaim / iNaturalist (CC-BY-NC),https://inaturalist-open-data.s3.amazonaws.com/photos/245580589/large.jpeg,https://www.inaturalist.org/observations/143209347,,PSBP-00001_Tree_Crinum.jpg
PSBP-00002,Plant,Weeping Bottlebrush,Melaleuca viminalis,primary,Yes,kathynoran88,cc-by-nc,Yes,OK,© kathynoran88 / iNaturalist (CC-BY-NC),https://inaturalist-open-data.s3.amazonaws.com/photos/382220097/large.jpeg,https://www.inaturalist.org/observations/216138601,,PSBP-00002_Weeping_Bottlebrush.jpg
PSBP-00003,Plant,Buccaneer Palm,Pseudophoenix sargentii,primary,Yes,randall_carter,cc-by-nc,Yes,OK,© randall_carter / iNaturalist (CC-BY-NC),https://inaturalist-open-data.s3.amazonaws.com/photos/662239153/large.jpg,https://www.inaturalist.org/observations/362822571,,PSBP-00003_Buccaneer_Palm.jpg
PSBP-00004,Plant,Silk Floss Tree,Ceiba speciosa,primary,Yes,randall_carter,cc-by-nc,Yes,OK,© randall_carter / iNaturalist (CC-BY-NC),https://inaturalist-open-data.s3.amazonaws.com/photos/663359491/large.jpg,https://www.inaturalist.org/observations/363408779,,PSBP-00004_Silk_Floss_Tree.jpg
PSBP-00005,Plant,Queen's Crepe Myrtle,Lagerstroemia speciosa,primary,Yes,frankymca,cc-by-nc,Yes,OK,© frankymca / iNaturalist (CC-BY-NC),https://inaturalist-open-data.s3.amazonaws.com/photos/662740624/large.jpg,https://www.inaturalist.org/observations/363083104,,PSBP-00005_Queens_Crepe_Myrtle.jpg
PSBP-00006,Plant,Peregrina,Jatropha integerrima,primary,Yes,randall_carter,cc-by-nc,Yes,OK,© randall_carter / iNaturalist (CC-BY-NC),https://inaturalist-open-data.s3.amazonaws.com/photos/661606946/large.jpg,https://www.inaturalist.org/observations/362490569,,PSBP-00006_Peregrina.jpg
PSBP-00007,Plant,Jacaranda,Jacaranda mimosifolia,primary,Yes,nigrosh60,cc-by-nc,Yes,OK,© nigrosh60 / iNaturalist (CC-BY-NC),https://inaturalist-open-data.s3.amazonaws.com/photos/366864093/large.jpg,https://www.inaturalist.org/observations/207405883,,PSBP-00007_Jacaranda.jpg
PSBP-00008,Plant,Beach Sunflower,Helianthus debilis,primary,Yes,averierob,cc-by-nc,Yes,OK,© averierob / iNaturalist (CC-BY-NC),https://inaturalist-open-data.s3.amazonaws.com/photos/68471027/large.jpg,https://www.inaturalist.org/observations/43132326,,PSBP-00008_Beach_Sunflower.jpg
PSBP-00009,Plant,Firewheel,Gaillardia pulchella,primary,Yes,averierob,cc-by-nc,Yes,OK,© averierob / iNaturalist (CC-BY-NC),https://inaturalist-open-data.s3.amazonaws.com/photos/68470618/large.jpg,https://www.inaturalist.org/observations/43132146,,PSBP-00009_Firewheel.jpg
PSBP-00010,Plant,Geiger tree,Cordia sebestena,primary,Yes,joanne_walker,cc-by-nc,Yes,OK,© joanne_walker / iNaturalist (CC-BY-NC),https://inaturalist-open-data.s3.amazonaws.com/photos/663458572/large.jpg,https://www.inaturalist.org/observations/363460253,,PSBP-00010_Geiger_tree.jpg
PSBP-00011,Plant,Baobab,Adansonia digitata,primary,Yes,randall_carter,cc-by-nc,Yes,OK,© randall_carter / iNaturalist (CC-BY-NC),https://inaturalist-open-data.s3.amazonaws.com/photos/662220904/large.jpg,https://www.inaturalist.org/observations/362813369,,PSBP-00011_Baobab.jpg
PSBP-00012,Plant,Peacock Flower,Caesalpinia pulcherrima,primary,Yes,teschaim,cc-by-nc,Yes,OK,© teschaim / iNaturalist (CC-BY-NC),https://inaturalist-open-data.s3.amazonaws.com/photos/245519734/large.jpeg,https://www.inaturalist.org/observations/143173704,,PSBP-00012_Peacock_Flower.jpg
PSBP-00013,Plant,Sunshine Mimosa,Mimosa strigillosa,primary,Yes,randall_carter,cc-by-nc,Yes,OK,© randall_carter / iNaturalist (CC-BY-NC),https://inaturalist-open-data.s3.amazonaws.com/photos/661720270/large.jpg,https://www.inaturalist.org/observations/362548926,,PSBP-00013_Sunshine_Mimosa.jpg
PSBP-00014,Plant,Queen's Wreath,Petrea volubilis,primary,Yes,nellmcphillips,cc-by-nc,Yes,OK,© nellmcphillips / iNaturalist (CC-BY-NC),https://inaturalist-open-data.s3.amazonaws.com/photos/355460801/large.jpg,https://www.inaturalist.org/observations/201371141,,PSBP-00014_Queens_Wreath.jpg
PSBP-00015,Plant,Coral Bean,Erythrina herbacea,primary,Yes,victoriashein,nan,No,UNUSABLE — all rights reserved,© victoriashein / iNaturalist (NAN),https://static.inaturalist.org/photos/245367488/large.jpg,https://www.inaturalist.org/observations/143081611,,PSBP-00015_Coral_Bean.jpg
PSBP-00016,Plant,Copperleaf,Acalypha wilkesiana,primary,Yes,randall_carter,cc-by-nc,Yes,OK,© randall_carter / iNaturalist (CC-BY-NC),https://inaturalist-open-data.s3.amazonaws.com/photos/661589009/large.jpg,https://www.inaturalist.org/observations/362480608,,PSBP-00016_Copperleaf.jpg
PSBP-00018,Plant,Gumbo Limbo,Bursera simaruba,primary,Yes,pammy63,cc-by-nc,Yes,OK,© pammy63 / iNaturalist (CC-BY-NC),https://inaturalist-open-data.s3.amazonaws.com/photos/332545422/large.jpg,https://www.inaturalist.org/observations/189778127,,PSBP-00018_Gumbo_Limbo.jpg
PSBP-00019,Plant,Bottle Palm,Hyophorbe lagenicaulis,primary,Yes,randall_carter,cc-by-nc,Yes,OK,© randall_carter / iNaturalist (CC-BY-NC),https://inaturalist-open-data.s3.amazonaws.com/photos/661720522/large.jpg,https://www.inaturalist.org/observations/362549055,,PSBP-00019_Bottle_Palm.jpg
PSBP-00020,Plant,Canary Island Date Palm,Phoenix canariensis,primary,Yes,randall_carter,cc-by-nc,Yes,OK,© randall_carter / iNaturalist (CC-BY-NC),https://inaturalist-open-data.s3.amazonaws.com/photos/661592924/large.jpg,https://www.inaturalist.org/observations/362482754,,PSBP-00020_Canary_Island_Date_Palm.jpg
PSBP-00021,Plant,Traveller's Palm,Ravenala madagascariensis,primary,Yes,randall_carter,cc-by-nc,Yes,OK,© randall_carter / iNaturalist (CC-BY-NC),https://inaturalist-open-data.s3.amazonaws.com/photos/662214871/large.jpg,https://www.inaturalist.org/observations/362810164,,PSBP-00021_Travellers_Palm.jpg
PSBP-00022,Plant,White Bird of Paradise,Strelitzia nicolai,primary,Yes,randall_carter,cc-by-nc,Yes,OK,© randall_carter / iNaturalist (CC-BY-NC),https://inaturalist-open-data.s3.amazonaws.com/photos/661614563/large.jpg,https://www.inaturalist.org/observations/362494778,,PSBP-00022_White_Bird_of_Paradise.jpg
PSBP-00023,Plant,Bald Cypress,Taxodium distichum,primary,Yes,coleguyton,cc-by-nc,Yes,OK,© coleguyton / iNaturalist (CC-BY-NC),https://inaturalist-open-data.s3.amazonaws.com/photos/635346946/large.jpg,https://www.inaturalist.org/observations/348375438,,PSBP-00023_Bald_Cypress.jpg
PSBP-00024,Plant,Coontie Palm,Zamia integrifolia,primary,Yes,randall_carter,cc-by-nc,Yes,OK,© randall_carter / iNaturalist (CC-BY-NC),https://inaturalist-open-data.s3.amazonaws.com/photos/667875500/large.jpg,https://www.inaturalist.org/observations/365792413,,PSBP-00024_Coontie_Palm.jpg
PSBP-00025,Plant,Dahoon Holly,Ilex cassine,primary,Yes,teschaim,cc-by-nc,Yes,OK,© teschaim / iNaturalist (CC-BY-NC),https://inaturalist-open-data.s3.amazonaws.com/photos/245520346/large.jpeg,https://www.inaturalist.org/observations/143174057,,PSBP-00025_Dahoon_Holly.jpg
PSBP-00026,Plant,Muhly Grass,Muhlenbergia capillaris,primary,Yes,randall_carter,cc-by-nc,Yes,OK,© randall_carter / iNaturalist (CC-BY-NC),https://inaturalist-open-data.s3.amazonaws.com/photos/661604788/large.jpg,https://www.inaturalist.org/observations/362489444,,PSBP-00026_Muhly_Grass.jpg
PSBP-00027,Plant,Live Oak,Quercus virginiana,primary,Yes,randall_carter,cc-by-nc,Yes,OK,© randall_carter / iNaturalist (CC-BY-NC),https://inaturalist-open-data.s3.amazonaws.com/photos/661720593/large.jpg,https://www.inaturalist.org/observations/362549109,,PSBP-00027_Live_Oak.jpg
PSBP-00028,Plant,Red Mangrove,Rhizophora mangle,primary,Yes,randall_carter,cc-by-nc,Yes,OK,© randall_carter / iNaturalist (CC-BY-NC),https://inaturalist-open-data.s3.amazonaws.com/photos/661605296/large.jpg,https://www.inaturalist.org/observations/362489649,,PSBP-00028_Red_Mangrove.jpg
PSBP-00029,Plant,Alligator Flag,Thalia geniculata,primary,Yes,randall_carter,cc-by-nc,Yes,OK,© randall_carter / iNaturalist (CC-BY-NC),https://inaturalist-open-data.s3.amazonaws.com/photos/667875759/large.jpg,https://www.inaturalist.org/observations/365792529,,PSBP-00029_Alligator_Flag.jpg
PSBP-00030,Plant,Fakahatchee Grass,Tripsacum dactyloides,primary,Yes,randall_carter,cc-by-nc,Yes,OK,© randall_carter / iNaturalist (CC-BY-NC),https://inaturalist-open-data.s3.amazonaws.com/photos/672187105/large.jpg,https://www.inaturalist.org/observations/368047648,,PSBP-00030_Fakahatchee_Grass.jpg
PSBP-00031,Plant,American Elm,Ulmus americana,primary,Yes,randall_carter,cc-by-nc,Yes,OK,© randall_carter / iNaturalist (CC-BY-NC),https://inaturalist-open-data.s3.amazonaws.com/photos/667875362/large.jpg,https://www.inaturalist.org/observations/365792363,,PSBP-00031_American_Elm.jpg
PSBP-00032,Plant,Mahogany,Swietenia mahagoni,primary,Yes,randall_carter,cc-by-nc,Yes,OK,© randall_carter / iNaturalist (CC-BY-NC),https://inaturalist-open-data.s3.amazonaws.com/photos/667860600/large.jpg,https://www.inaturalist.org/observations/365784616,,PSBP-00032_Mahogany.jpg
PSBP-00033,Plant,Wild Lime,Zanthoxylum fagara,primary,Yes,randall_carter,cc-by-nc,Yes,OK,© randall_carter / iNaturalist (CC-BY-NC),https://inaturalist-open-data.s3.amazonaws.com/photos/661626447/large.jpg,https://www.inaturalist.org/observations/362500628,,PSBP-00033_Wild_Lime.jpg
PSBP-00034,Plant,Golden Canna,Canna flaccida,primary,Yes,randall_carter,cc-by-nc,Yes,OK,© randall_carter / iNaturalist (CC-BY-NC),https://inaturalist-open-data.s3.amazonaws.com/photos/667863800/large.jpg,https://www.inaturalist.org/observations/365786196,,PSBP-00034_Golden_Canna.jpg
PSBP-00035,Plant,Royal Palm,Roystonea regia,primary,Yes,jsea,cc-by-nc,Yes,OK,© jsea / iNaturalist (CC-BY-NC),https://inaturalist-open-data.s3.amazonaws.com/photos/626742537/large.jpg,https://www.inaturalist.org/observations/344005847,,PSBP-00035_Royal_Palm.jpg
PSBP-00036,Plant,Royal Poinciana,Delonix regia,primary,Yes,randall_carter,cc-by-nc,Yes,OK,© randall_carter / iNaturalist (CC-BY-NC),https://inaturalist-open-data.s3.amazonaws.com/photos/662234112/large.jpg,https://www.inaturalist.org/observations/362819588,,PSBP-00036_Royal_Poinciana.jpg
PSBP-00038,Plant,Mexican Petunia,Ruellia simplex,primary,Yes,coleguyton,cc-by-nc,Yes,OK,© coleguyton / iNaturalist (CC-BY-NC),https://inaturalist-open-data.s3.amazonaws.com/photos/635348437/large.jpg,https://www.inaturalist.org/observations/348376207,,PSBP-00038_Mexican_Petunia.jpg
PSBP-00039,Plant,Giant Milkweed,Calotropis gigantea,primary,Yes,denise_sosa,cc-by-nc,Yes,OK,© denise_sosa / iNaturalist (CC-BY-NC),https://inaturalist-open-data.s3.amazonaws.com/photos/672227154/large.jpg,https://www.inaturalist.org/observations/368070083,,PSBP-00039_Giant_Milkweed.jpg
PSBP-00040,Plant,Century Plant,Agave americana,primary,Yes,tom_sinisi,cc-by-nc,Yes,OK,© tom_sinisi / iNaturalist (CC-BY-NC),https://inaturalist-open-data.s3.amazonaws.com/photos/58583241/large.jpeg,https://www.inaturalist.org/observations/37000143,,PSBP-00040_Century_Plant.jpg
PSBP-00041,Plant,Canna Lilies,Canna indica,primary,Yes,randall_carter,cc-by-nc,Yes,OK,© randall_carter / iNaturalist (CC-BY-NC),https://inaturalist-open-data.s3.amazonaws.com/photos/661591681/large.jpg,https://www.inaturalist.org/observations/362482090,,PSBP-00041_Canna_Lilies.jpg
PSBP-00042,Plant,Scorpion Tail,Heliotropium angiospermum,primary,Yes,jsea,cc-by-nc,Yes,OK,© jsea / iNaturalist (CC-BY-NC),https://inaturalist-open-data.s3.amazonaws.com/photos/626742303/large.jpg,https://www.inaturalist.org/observations/344005735,,PSBP-00042_Scorpion_Tail.jpg
PSBP-00043,Plant,African Iris,Dietes bicolor,primary,Yes,randall_carter,cc-by-nc,Yes,OK,© randall_carter / iNaturalist (CC-BY-NC),https://inaturalist-open-data.s3.amazonaws.com/photos/661606547/large.jpg,https://www.inaturalist.org/observations/362490359,,PSBP-00043_African_Iris.jpg
PSBP-00044,Plant,Screw Pine,Pandanus utilis,primary,Yes,kaiyuan3,cc-by-nc,Yes,OK,© kaiyuan3 / iNaturalist (CC-BY-NC),https://static.inaturalist.org/photos/518540909/large.jpg,https://www.inaturalist.org/observations/288347726,,PSBP-00044_Screw_Pine.jpg
PSBP-00045,Plant,Plumbago,Plumbago auriculata,primary,Yes,randall_carter,cc-by-nc,Yes,OK,© randall_carter / iNaturalist (CC-BY-NC),https://inaturalist-open-data.s3.amazonaws.com/photos/661840948/large.jpg,https://www.inaturalist.org/observations/362611116,,PSBP-00045_Plumbago.jpg
PSBP-00046,Plant,Snake Plant,Dracaena trifasciata,primary,Yes,randall_carter,cc-by-nc,Yes,OK,© randall_carter / iNaturalist (CC-BY-NC),https://inaturalist-open-data.s3.amazonaws.com/photos/667850847/large.jpg,https://www.inaturalist.org/observations/365779536,,PSBP-00046_Snake_Plant.jpg
PSBP-00047,Plant,Staghorn Fern,Platycerium spp,primary,Yes,coleguyton,cc-by-nc,Yes,OK,© coleguyton / iNaturalist (CC-BY-NC),https://inaturalist-open-data.s3.amazonaws.com/photos/635348075/large.jpg,https://www.inaturalist.org/observations/348376096,,PSBP-00047_Staghorn_Fern.jpg
PSBP-00048,Plant,Xanadu,Thaumatophyllum xanadu,primary,Yes,randall_carter,cc-by-nc,Yes,OK,© randall_carter / iNaturalist (CC-BY-NC),https://inaturalist-open-data.s3.amazonaws.com/photos/661592696/large.jpg,https://www.inaturalist.org/observations/362482646,,PSBP-00048_Xanadu.jpg
PSBP-00049,Plant,Spath Lilly,Spathiphyllum spp,primary,Yes,randall_carter,cc-by-nc,Yes,OK,© randall_carter / iNaturalist (CC-BY-NC),https://inaturalist-open-data.s3.amazonaws.com/photos/672130743/large.jpg,https://www.inaturalist.org/observations/368016701,,PSBP-00049_Spath_Lilly.jpg
PSBP-00050,Plant,Chenille Plant,Acalypha hispida,primary,Yes,astervawn,nan,No,LICENSE CHECK,© astervawn / iNaturalist (NAN),https://static.inaturalist.org/photos/310311254/large.jpeg,https://www.inaturalist.org/observations/178338465,,PSBP-00050_Chenille_Plant.jpg
PSBP-00051,Plant,Shaving-Brush Tree,Pseudobombax ellipticum,primary,Yes,randall_carter,cc-by-nc,Yes,OK,© randall_carter / iNaturalist (CC-BY-NC),https://inaturalist-open-data.s3.amazonaws.com/photos/672127374/large.jpg,https://www.inaturalist.org/observations/368015112,,PSBP-00051_Shaving-Brush_Tree.jpg
PSBP-00052,Plant,Mexican Flame Vine,Pseudogynoxys chenopodioides,primary,Yes,jsea,cc-by-nc,Yes,OK,© jsea / iNaturalist (CC-BY-NC),https://inaturalist-open-data.s3.amazonaws.com/photos/626741187/large.jpg,https://www.inaturalist.org/observations/344005277,,PSBP-00052_Mexican_Flame_Vine.jpg
PSBP-00053,Plant,Pentas,Pentas lanceolata,primary,Yes,jsea,cc-by-nc,Yes,OK,© jsea / iNaturalist (CC-BY-NC),https://inaturalist-open-data.s3.amazonaws.com/photos/626741239/large.jpg,https://www.inaturalist.org/observations/344005304,,PSBP-00053_Pentas.jpg
PSBP-00054,Plant,Grandleaf Seagrape,Coccoloba pubescens,primary,Yes,randall_carter,cc-by-nc,Yes,OK,© randall_carter / iNaturalist (CC-BY-NC),https://inaturalist-open-data.s3.amazonaws.com/photos/662671954/large.jpg,https://www.inaturalist.org/observations/363046738,,PSBP-00054_Grandleaf_Seagrape.jpg
PSBP-00055,Plant,Mauve Indian Mallow,Abutilon hulseanum,primary,Yes,randall_carter,cc-by-nc,Yes,OK,© randall_carter / iNaturalist (CC-BY-NC),https://inaturalist-open-data.s3.amazonaws.com/photos/667863323/large.jpg,https://www.inaturalist.org/observations/365785892,,PSBP-00055_Mauve_Indian_Mallow.jpg
PSBP-00056,Plant,Parrots Beak,Heliconia psittacorum,primary,Yes,elurding,cc-by-nc,Yes,OK,© elurding / iNaturalist (CC-BY-NC),https://inaturalist-open-data.s3.amazonaws.com/photos/602871254/large.jpg,https://www.inaturalist.org/observations/332223399,,PSBP-00056_Parrots_Beak.jpg
PSBP-00057,Plant,Wax Myrtle,Morella cerifera,primary,Yes,randall_carter,cc-by-nc,Yes,OK,© randall_carter / iNaturalist (CC-BY-NC),https://inaturalist-open-data.s3.amazonaws.com/photos/667867407/large.jpg,https://www.inaturalist.org/observations/365788321,,PSBP-00057_Wax_Myrtle.jpg
PSBP-00058,Plant,Giant Leather Fern,Acrostichum danaeifolium,primary,Yes,randall_carter,cc-by-nc,Yes,OK,© randall_carter / iNaturalist (CC-BY-NC),https://inaturalist-open-data.s3.amazonaws.com/photos/661606686/large.jpg,https://www.inaturalist.org/observations/362490416,,PSBP-00058_Giant_Leather_Fern.jpg
PSBP-00059,Plant,Beautyberry,Callicarpa americana,primary,Yes,randall_carter,cc-by-nc,Yes,OK,© randall_carter / iNaturalist (CC-BY-NC),https://inaturalist-open-data.s3.amazonaws.com/photos/661598340/large.jpg,https://www.inaturalist.org/observations/362485768,,PSBP-00059_Beautyberry.jpg
PSBP-00060,Plant,Kapok,Ceiba pentandra,primary,Yes,randall_carter,cc-by-nc,Yes,OK,© randall_carter / iNaturalist (CC-BY-NC),https://inaturalist-open-data.s3.amazonaws.com/photos/667861673/large.jpg,https://www.inaturalist.org/observations/365785169,,PSBP-00060_Kapok.jpg
PSBP-00061,Plant,Yellow Walking Iris,Trimezia steyermarkii,primary,Yes,randall_carter,cc-by-nc,Yes,OK,© randall_carter / iNaturalist (CC-BY-NC),https://inaturalist-open-data.s3.amazonaws.com/photos/667854875/large.jpg,https://www.inaturalist.org/observations/365781616,,PSBP-00061_Yellow_Walking_Iris.jpg
PSBP-00064,Plant,Ixora Maui Yellow,Ixora coccinea,primary,Yes,teschaim,cc-by-nc,Yes,OK,© teschaim / iNaturalist (CC-BY-NC),https://inaturalist-open-data.s3.amazonaws.com/photos/245371897/large.jpeg,https://www.inaturalist.org/observations/143084546,,PSBP-00064_Ixora_Maui_Yellow.jpg
PSBP-00065,Plant,Heavenly Bamboo,Nandina domestica,primary,Yes,randall_carter,cc-by-nc,Yes,OK,© randall_carter / iNaturalist (CC-BY-NC),https://inaturalist-open-data.s3.amazonaws.com/photos/667854385/large.jpg,https://www.inaturalist.org/observations/365781353,,PSBP-00065_Heavenly_Bamboo.jpg
PSBP-00066,Plant,Lanceleaf Arrowhead,Sagittaria lancifolia,primary,Yes,randall_carter,cc-by-nc,Yes,OK,© randall_carter / iNaturalist (CC-BY-NC),https://inaturalist-open-data.s3.amazonaws.com/photos/667875076/large.jpg,https://www.inaturalist.org/observations/365792233,,PSBP-00066_Lanceleaf_Arrowhead.jpg
PSBP-00068,Plant,Florida Strangler Fig,Ficus aurea,primary,Yes,randall_carter,cc-by-nc,Yes,OK,© randall_carter / iNaturalist (CC-BY-NC),https://inaturalist-open-data.s3.amazonaws.com/photos/667875177/large.jpg,https://www.inaturalist.org/observations/365792289,,PSBP-00068_Florida_Strangler_Fig.jpg
PSBP-00069,Plant,Myrtle Oak,Quercus myrtifolia,primary,Yes,randall_carter,cc-by-nc,Yes,OK,© randall_carter / iNaturalist (CC-BY-NC),https://inaturalist-open-data.s3.amazonaws.com/photos/667875251/large.jpg,https://www.inaturalist.org/observations/365792323,,PSBP-00069_Myrtle_Oak.jpg
PSBP-00070,Plant,Turk's Turban,Clerodendrum indicum,primary,Yes,forkristin,cc-by-nc,Yes,OK,© forkristin / iNaturalist (CC-BY-NC),https://inaturalist-open-data.s3.amazonaws.com/photos/177334042/large.jpg,https://www.inaturalist.org/observations/105661251,,PSBP-00070_Turks_Turban.jpg
PSBP-00071,Plant,Ti Plant,Cordyline fruticosa,primary,Yes,teschaim,cc-by-nc,Yes,OK,© teschaim / iNaturalist (CC-BY-NC),https://inaturalist-open-data.s3.amazonaws.com/photos/245521150/large.jpeg,https://www.inaturalist.org/observations/143174511,,PSBP-00071_Ti_Plant.jpg
PSBP-00072,Plant,Yellow Trumpet Flower,Tecoma stans,primary,Yes,nigrosh60,cc-by-nc,Yes,OK,© nigrosh60 / iNaturalist (CC-BY-NC),https://inaturalist-open-data.s3.amazonaws.com/photos/366833134/large.jpg,https://www.inaturalist.org/observations/207389096,,PSBP-00072_Yellow_Trumpet_Flower.jpg
PSBP-00073,Plant,King's Mantle,Thunbergia erecta,primary,Yes,randall_carter,cc-by-nc,Yes,OK,© randall_carter / iNaturalist (CC-BY-NC),https://inaturalist-open-data.s3.amazonaws.com/photos/667855196/large.jpg,https://www.inaturalist.org/observations/365781780,,PSBP-00073_Kings_Mantle.jpg
PSBP-00074,Plant,Firebush,Hamelia patens,primary,Yes,randall_carter,cc-by-nc,Yes,OK,© randall_carter / iNaturalist (CC-BY-NC),https://inaturalist-open-data.s3.amazonaws.com/photos/661595420/large.jpg,https://www.inaturalist.org/observations/362484294,,PSBP-00074_Firebush.jpg
PSBP-00083,Plant,Madagascar Palm,Pachypodium lamerei,primary,Yes,elurding,cc-by-nc,Yes,OK,© elurding / iNaturalist (CC-BY-NC),https://inaturalist-open-data.s3.amazonaws.com/photos/602867008/large.jpg,https://www.inaturalist.org/observations/332221639,,PSBP-00083_Madagascar_Palm.jpg
PSBP-00062,Plant,Candelabra Bush,Senna alata,primary,Yes,teschaim,cc-by-nc,Yes,OK,© teschaim / iNaturalist (CC-BY-NC),https://inaturalist-open-data.s3.amazonaws.com/photos/245520188/large.jpeg,https://www.inaturalist.org/observations/143173979,,PSBP-00062_Candelabra_Bush.jpg
PSBP-00063,Plant,Pagoda Flower,Clerodendrum paniculatum,primary,Yes,sandytrailslvr,cc-by-nd,No,LICENSE CHECK,© sandytrailslvr / iNaturalist (CC-BY-ND),https://inaturalist-open-data.s3.amazonaws.com/photos/5446364/large.jpg,http://www.inaturalist.org/observations/4504007,,PSBP-00063_Pagoda_Flower.jpg
PSBP-00067,Plant,Madagascar Periwinkle,Catharanthus roseus,primary,Yes,pammy63,cc-by-nc,Yes,OK,© pammy63 / iNaturalist (CC-BY-NC),https://inaturalist-open-data.s3.amazonaws.com/photos/340715783/large.jpg,https://www.inaturalist.org/observations/193911574,,PSBP-00067_Madagascar_Periwinkle.jpg
PSBP-00076,Plant,Great Bougainvillea,Bougainvillea spectabilis,primary,Yes,randall_carter,cc-by-nc,Yes,OK,© randall_carter / iNaturalist (CC-BY-NC),https://inaturalist-open-data.s3.amazonaws.com/photos/661610658/large.jpg,https://www.inaturalist.org/observations/362492725,,PSBP-00076_Great_Bougainvillea.jpg
PSBP-00077,Plant,Bengal Trumpet,Thunbergia grandiflora,primary,Yes,astervawn,nan,No,LICENSE CHECK,© astervawn / iNaturalist (NAN),https://static.inaturalist.org/photos/309702149/large.jpeg,https://www.inaturalist.org/observations/178022607,,PSBP-00077_Bengal_Trumpet.jpg
PSBP-00078,Plant,Swamp Milkweed,Asclepias incarnata,primary,Yes,frankymca,cc-by-nc,Yes,OK,© frankymca / iNaturalist (CC-BY-NC),https://inaturalist-open-data.s3.amazonaws.com/photos/668445054/large.jpg,https://www.inaturalist.org/observations/366090861,,PSBP-00078_Swamp_Milkweed.jpg
PSBP-00079,Plant,Papaya,Carica papaya,primary,Yes,elurding,cc-by-nc,Yes,OK,© elurding / iNaturalist (CC-BY-NC),https://inaturalist-open-data.s3.amazonaws.com/photos/602867317/large.jpg,https://www.inaturalist.org/observations/332221754,,PSBP-00079_Papaya.jpg
PSBP-00082,Plant,Burmese Fishtail Palm,Caryota mitis,primary,Yes,jsea,cc-by-nc,Yes,OK,© jsea / iNaturalist (CC-BY-NC),https://inaturalist-open-data.s3.amazonaws.com/photos/626740347/large.jpg,https://www.inaturalist.org/observations/344004901,,PSBP-00082_Burmese_Fishtail_Palm.jpg
PSBP-00084,Plant,Reclining Date Palm,Phoenix reclinata,primary,Yes,randall_carter,cc-by-nc,Yes,OK,© randall_carter / iNaturalist (CC-BY-NC),https://inaturalist-open-data.s3.amazonaws.com/photos/661591063/large.jpg,https://www.inaturalist.org/observations/362481756,,PSBP-00084_Reclining_Date_Palm.jpg
PSBP-00085,Plant,Little Lady Palm,Rhapis excelsa,primary,Yes,randall_carter,cc-by-nc,Yes,OK,© randall_carter / iNaturalist (CC-BY-NC),https://inaturalist-open-data.s3.amazonaws.com/photos/667853763/large.jpg,https://www.inaturalist.org/observations/365780987,,PSBP-00085_Little_Lady_Palm.jpg
PSBP-00075,Plant,Brazilian Dutchman's Pipe,Aristolochia gigantea,primary,Yes,pspgal,cc-by-nc,Yes,OK,© pspgal / iNaturalist (CC-BY-NC),https://inaturalist-open-data.s3.amazonaws.com/photos/458709836/large.jpg,https://www.inaturalist.org/observations/252026416,,PSBP-00075_Brazilian_Dutchmans_Pipe.jpg
PSBP-00080,Plant,Night-blooming Cereus / Dragon Fruit,Selenicereus undatus,primary,Yes,coleguyton,cc-by-nc,Yes,OK,© coleguyton / iNaturalist (CC-BY-NC),https://inaturalist-open-data.s3.amazonaws.com/photos/635348329/large.jpg,https://www.inaturalist.org/observations/348376171,,PSBP-00080_Night-blooming_Cereus__Dragon_Fruit.jpg
PSBP-00081,Plant,Ball Moss,Tillandsia recurvata,primary,Yes,coleguyton,cc-by-nc,Yes,OK,© coleguyton / iNaturalist (CC-BY-NC),https://inaturalist-open-data.s3.amazonaws.com/photos/638116928/large.jpg,https://www.inaturalist.org/observations/349782470,,PSBP-00081_Ball_Moss.jpg
PSBP-00086,Plant,Moringa / Drumstick Tree,Moringa oleifera,primary,Yes,nigrosh60,cc-by-nc,Yes,OK,© nigrosh60 / iNaturalist (CC-BY-NC),https://inaturalist-open-data.s3.amazonaws.com/photos/366864462/large.jpg,https://www.inaturalist.org/observations/207406115,,PSBP-00086_Moringa__Drumstick_Tree.jpg
PSBP-00087,Plant,Frangipani / Mexican Plumeria,Plumeria rubra,primary,Yes,joanne_walker,cc-by-nc,Yes,OK,© joanne_walker / iNaturalist (CC-BY-NC),https://inaturalist-open-data.s3.amazonaws.com/photos/663458701/large.jpg,https://www.inaturalist.org/observations/363460380,,PSBP-00087_Frangipani__Mexican_Plumeria.jpg
PSBP-00088,Plant,Blue Porterweed / Rattail,Stachytarpheta cayennensis,primary,Yes,teschaim,cc-by-nc,Yes,OK,© teschaim / iNaturalist (CC-BY-NC),https://inaturalist-open-data.s3.amazonaws.com/photos/245578102/large.jpeg,https://www.inaturalist.org/observations/143207909,,PSBP-00088_Blue_Porterweed__Rattail.jpg
PSBP-00089,Plant,Gray Nickernut,Guilandina bonduc,primary,Yes,pammy63,cc-by-nc,Yes,OK,© pammy63 / iNaturalist (CC-BY-NC),https://inaturalist-open-data.s3.amazonaws.com/photos/366404961/large.jpg,https://www.inaturalist.org/observations/207160334,,PSBP-00089_Gray_Nickernut.jpg
PSBP-00090,Plant,Mango,Mangifera indica,primary,Yes,teschaim,cc-by-nc,Yes,OK,© teschaim / iNaturalist (CC-BY-NC),https://inaturalist-open-data.s3.amazonaws.com/photos/245371312/large.jpeg,https://www.inaturalist.org/observations/143084228,,PSBP-00090_Mango.jpg
PSBP-00091,Plant,Pink Powderpuff,Calliandra tergemina,primary,Yes,randall_carter,cc-by-nc,Yes,OK,© randall_carter / iNaturalist (CC-BY-NC),https://inaturalist-open-data.s3.amazonaws.com/photos/667854946/large.jpg,https://www.inaturalist.org/observations/365781663,,PSBP-00091_Pink_Powderpuff.jpg
PSBP-00092,Plant,Purple Heart,Tradescantia pallida,primary,Yes,teschaim,cc-by-nc,Yes,OK,© teschaim / iNaturalist (CC-BY-NC),https://inaturalist-open-data.s3.amazonaws.com/photos/245519706/large.jpeg,https://www.inaturalist.org/observations/143173771,,PSBP-00092_Purple_Heart.jpg
PSBP-00093,Plant,Lesser Bougainvillea,Bougainvillea glabra,primary,Yes,teschaim,cc-by-nc,Yes,OK,© teschaim / iNaturalist (CC-BY-NC),https://inaturalist-open-data.s3.amazonaws.com/photos/245578209/large.jpeg,https://www.inaturalist.org/observations/143207976,,PSBP-00093_Lesser_Bougainvillea.jpg
PSBP-00094,Plant,Butterfly Pea / Blue Pea,Clitoria ternatea,primary,Yes,teschaim,cc-by-nc,Yes,OK,© teschaim / iNaturalist (CC-BY-NC),https://inaturalist-open-data.s3.amazonaws.com/photos/245580775/large.jpeg,https://www.inaturalist.org/observations/143209466,,PSBP-00094_Butterfly_Pea__Blue_Pea.jpg
PSBP-00095,Plant,Moses-in-the-Cradle,Tradescantia spathacea,primary,Yes,teschaim,cc-by-nc,Yes,OK,© teschaim / iNaturalist (CC-BY-NC),https://inaturalist-open-data.s3.amazonaws.com/photos/245520635/large.jpeg,https://www.inaturalist.org/observations/143174280,,PSBP-00095_Moses-in-the-Cradle.jpg
PSBP-00096,Plant,Acerola / Barbados Cherry,Malpighia emarginata,primary,Yes,pammy63,cc-by-nc,Yes,OK,© pammy63 / iNaturalist (CC-BY-NC),https://inaturalist-open-data.s3.amazonaws.com/photos/331342584/large.jpg,https://www.inaturalist.org/observations/189143994,,PSBP-00096_Acerola__Barbados_Cherry.jpg
PSBP-00097,Plant,Starburst Bush,Clerodendrum quadriloculare,primary,Yes,nellmcphillips,cc-by-nc,Yes,OK,© nellmcphillips / iNaturalist (CC-BY-NC),https://inaturalist-open-data.s3.amazonaws.com/photos/355459548/large.jpg,https://www.inaturalist.org/observations/201370518,,PSBP-00097_Starburst_Bush.jpg
PSBP-00098,Plant,Necklace Pod,Sophora tomentosa,primary,Yes,frankymca,cc-by-nc,Yes,OK,© frankymca / iNaturalist (CC-BY-NC),https://inaturalist-open-data.s3.amazonaws.com/photos/672185543/large.jpg,https://www.inaturalist.org/observations/368046783,,PSBP-00098_Necklace_Pod.jpg
PSBP-00099,Plant,Pink Rain Lily,Zephyranthes robusta,primary,Yes,randall_carter,cc-by-nc,Yes,OK,© randall_carter / iNaturalist (CC-BY-NC),https://inaturalist-open-data.s3.amazonaws.com/photos/672127369/large.jpg,https://www.inaturalist.org/observations/368015087,,PSBP-00099_Pink_Rain_Lily.jpg
PSBP-00100,Plant,Showy Rattlebox,Crotalaria spectabilis,primary,Yes,randall_carter,cc-by-nc,Yes,OK,© randall_carter / iNaturalist (CC-BY-NC),https://inaturalist-open-data.s3.amazonaws.com/photos/661596189/large.jpg,https://www.inaturalist.org/observations/362484635,,PSBP-00100_Showy_Rattlebox.jpg
PSBP-00101,Plant,Lantana,Lantana strigocamara,primary,Yes,randall_carter,cc-by-nc,Yes,OK,© randall_carter / iNaturalist (CC-BY-NC),https://inaturalist-open-data.s3.amazonaws.com/photos/661590074/large.jpg,https://www.inaturalist.org/observations/362481274,,PSBP-00101_Lantana.jpg
PSBP-00102,Plant,Red Silk Cotton Tree,Bombax ceiba,primary,Yes,katyperry,cc-by-nc,Yes,OK,© katyperry / iNaturalist (CC-BY-NC),https://inaturalist-open-data.s3.amazonaws.com/photos/625123687/large.jpg,https://www.inaturalist.org/observations/343202559,,PSBP-00102_Red_Silk_Cotton_Tree.jpg
PSBP-00103,Plant,Whorled Pennywort,Hydrocotyle verticillata,primary,Yes,victoriashein,nan,No,UNUSABLE — all rights reserved,© victoriashein / iNaturalist (NAN),https://static.inaturalist.org/photos/245371493/large.jpg,https://www.inaturalist.org/observations/143084337,,PSBP-00103_Whorled_Pennywort.jpg
PSBP-00104,Plant,Shiny-leaved Wild Coffee,Psychotria nervosa,primary,Yes,teschaim,cc-by-nc,Yes,OK,© teschaim / iNaturalist (CC-BY-NC),https://inaturalist-open-data.s3.amazonaws.com/photos/245371594/large.jpeg,https://www.inaturalist.org/observations/143084426,,PSBP-00104_Shiny-leaved_Wild_Coffee.jpg
PSBP-00105,Plant,Shrubby False Buttonweed,Spermacoce verticillata,primary,Yes,victoriashein,nan,No,UNUSABLE — all rights reserved,© victoriashein / iNaturalist (NAN),https://static.inaturalist.org/photos/245371690/large.jpg,https://www.inaturalist.org/observations/143084462,,PSBP-00105_Shrubby_False_Buttonweed.jpg
PSBP-00106,Plant,Four-o-clock / Marvel of Peru,Mirabilis jalapa,primary,Yes,victoriashein,nan,No,UNUSABLE — all rights reserved,© victoriashein / iNaturalist (NAN),https://static.inaturalist.org/photos/245373243/large.jpg,https://www.inaturalist.org/observations/143085421,,PSBP-00106_Four-o-clock__Marvel_of_Peru.jpg
PSBP-00107,Plant,Trailing Daisy / Wedelia,Sphagneticola trilobata,primary,Yes,teschaim,cc-by-nc,Yes,OK,© teschaim / iNaturalist (CC-BY-NC),https://inaturalist-open-data.s3.amazonaws.com/photos/245580849/large.jpeg,https://www.inaturalist.org/observations/143209530,,PSBP-00107_Trailing_Daisy__Wedelia.jpg
PSBP-00108,Plant,Largeflower Pusley,Richardia grandiflora,primary,Yes,teschaim,cc-by-nc,Yes,OK,© teschaim / iNaturalist (CC-BY-NC),https://inaturalist-open-data.s3.amazonaws.com/photos/245580916/large.jpeg,https://www.inaturalist.org/observations/143209572,,PSBP-00108_Largeflower_Pusley.jpg
PSBP-00109,Plant,Lawn Orchid,Zeuxine strateumatica,primary,Yes,pammy63,cc-by-nc,Yes,OK,© pammy63 / iNaturalist (CC-BY-NC),https://inaturalist-open-data.s3.amazonaws.com/photos/251736281/large.jpg,https://www.inaturalist.org/observations/146424689,,PSBP-00109_Lawn_Orchid.jpg
PSBP-00110,Plant,Smooth Rattlebox,Crotalaria pallida,primary,Yes,abraham_a_005,cc-by-nc,Yes,OK,© abraham_a_005 / iNaturalist (CC-BY-NC),https://inaturalist-open-data.s3.amazonaws.com/photos/261667975/large.jpg,https://www.inaturalist.org/observations/150952277,,PSBP-00110_Smooth_Rattlebox.jpg
PSBP-00111,Plant,Cranberry Hibiscus / False Roselle,Hibiscus acetosella,primary,Yes,turtleteam,nan,No,LICENSE CHECK,© turtleteam / iNaturalist (NAN),https://static.inaturalist.org/photos/334980526/large.jpg,https://www.inaturalist.org/observations/191009569,,PSBP-00111_Cranberry_Hibiscus__False_Roselle.jpg
PSBP-00112,Plant,Orchid Tree,Bauhinia variegata,primary,Yes,wanderingshaunzy,cc-by-nc,Yes,OK,© wanderingshaunzy / iNaturalist (CC-BY-NC),https://inaturalist-open-data.s3.amazonaws.com/photos/479749705/large.jpg,https://www.inaturalist.org/observations/266990478,,PSBP-00112_Orchid_Tree.jpg
PSBP-00113,Plant,Turkey Tangle Frogfruit,Phyla nodiflora,primary,Yes,conniecowan,cc-by-nc,Yes,OK,© conniecowan / iNaturalist (CC-BY-NC),https://inaturalist-open-data.s3.amazonaws.com/photos/499007983/large.jpg,https://www.inaturalist.org/observations/277908471,,PSBP-00113_Turkey_Tangle_Frogfruit.jpg
PSBP-00114,Plant,Pink Orchid Tree,Bauhinia monandra,primary,Yes,billieknight,nan,No,LICENSE CHECK,© billieknight / iNaturalist (NAN),https://static.inaturalist.org/photos/508845322/large.jpg,https://www.inaturalist.org/observations/283198884,,PSBP-00114_Pink_Orchid_Tree.jpg
PSBP-00115,Plant,Oriental False Hawksbeard,Youngia japonica,primary,Yes,swainsona1897,nan,No,LICENSE CHECK,© swainsona1897 / iNaturalist (NAN),https://static.inaturalist.org/photos/594663660/large.jpg,https://www.inaturalist.org/observations/327723964,,PSBP-00115_Oriental_False_Hawksbeard.jpg
PSBP-00116,Plant,Groundsel Tree / Saltbush,Baccharis halimifolia,primary,Yes,frankymca,cc-by-nc,Yes,OK,© frankymca / iNaturalist (CC-BY-NC),https://inaturalist-open-data.s3.amazonaws.com/photos/672185829/large.jpg,https://www.inaturalist.org/observations/368046909,,PSBP-00116_Groundsel_Tree__Saltbush.jpg
PSBP-00117,Plant,Southern Seaside Goldenrod,Solidago mexicana,primary,Yes,frankymca,cc-by-nc,Yes,OK,© frankymca / iNaturalist (CC-BY-NC),https://inaturalist-open-data.s3.amazonaws.com/photos/672185888/large.jpg,https://www.inaturalist.org/observations/368046934,,PSBP-00117_Southern_Seaside_Goldenrod.jpg
PSBP-00118,Plant,Coral Plant / Coralbush,Jatropha multifida,primary,Yes,kmp1789,cc-by-nc,Yes,OK,© kmp1789 / iNaturalist (CC-BY-NC),https://inaturalist-open-data.s3.amazonaws.com/photos/352668640/large.jpg,https://www.inaturalist.org/observations/199942358,,PSBP-00118_Coral_Plant__Coralbush.jpg
PSBP-00119,Plant,Sweet Viburnum,Viburnum odoratissimum,primary,Yes,randall_carter,cc-by-nc,Yes,OK,© randall_carter / iNaturalist (CC-BY-NC),https://inaturalist-open-data.s3.amazonaws.com/photos/661616216/large.jpg,https://www.inaturalist.org/observations/362495475,,PSBP-00119_Sweet_Viburnum.jpg
PSBP-00120,Plant,Croton / Garden Croton,Codiaeum variegatum,primary,Yes,teschaim,cc-by-nc,Yes,OK,© teschaim / iNaturalist (CC-BY-NC),https://inaturalist-open-data.s3.amazonaws.com/photos/245577684/large.jpeg,https://www.inaturalist.org/observations/143207709,,PSBP-00120_Croton__Garden_Croton.jpg
PSBP-00017,Plant,Paurotis Palm,Acoelorrhaphe wrightii,primary,Yes,,,No,MISSING — needs photo,,,,,
PSBP-00037,Plant,Umbrella Tree,Schefflera actinophylla,primary,Yes,,,No,MISSING — needs photo,,,,,
PSBP-00121,Plant,Amazon Lily,Eucharis amazonica,primary,Yes,randall_carter,cc-by-nc,Yes,OK (back-filled from HTML — photo/obs URL still needed),© randall_carter / iNaturalist (CC-BY-NC),,,,PSBP-00121-Amazon-Lily.jpg
PSBP-00122,Plant,Walter's Viburnum,Viburnum obovatum,primary,Yes,,,No,MISSING — needs photo,,,,,
PSBP-99999,Wildlife,Brown Anole,Anolis sagrei,primary,Yes,naturalistclaire,CC-BY-NC,Yes,OK,"© naturalistclaire (CC-BY-NC), via iNaturalist",https://inaturalist-open-data.s3.amazonaws.com/photos/261070928/large.jpeg,https://www.inaturalist.org/observations/151155729,261070928,PSBP-99999-Brown-Anole.jpg
PSBP-99998,Wildlife,Anhinga,Anhinga anhinga,primary,Yes,joycem1218,CC-BY-NC,Yes,OK,"© joycem1218 (CC-BY-NC), via iNaturalist",https://inaturalist-open-data.s3.amazonaws.com/photos/609965586/large.jpg,https://www.inaturalist.org/observations/335724271,609965586,PSBP-99998-Anhinga.jpg
PSBP-99997,Wildlife,White Ibis,Eudocimus albus,primary,Yes,kcstanyard,CC-BY-NC,Yes,OK,"© kcstanyard (CC-BY-NC), via iNaturalist",https://inaturalist-open-data.s3.amazonaws.com/photos/617374553/large.jpg,https://www.inaturalist.org/observations/339382306,617374553,PSBP-99997-White-Ibis.jpg
PSBP-99996,Wildlife,Common Gallinule,Gallinula galeata,primary,Yes,pammy63,CC-BY-NC,Yes,OK,"© Pammy63 (CC-BY-NC), via iNaturalist",https://inaturalist-open-data.s3.amazonaws.com/photos/297331058/large.jpg,https://www.inaturalist.org/observations/168585525,297331058,PSBP-99996-Common-Gallinule.jpg
PSBP-99995,Wildlife,Great Egret,Ardea alba,primary,Yes,mewells,CC-BY-NC,Yes,OK,"© Mark E. Wells (CC-BY-NC), via iNaturalist",https://inaturalist-open-data.s3.amazonaws.com/photos/613021665/large.jpg,https://www.inaturalist.org/observations/337245053,613021665,PSBP-99995-Great-Egret.jpg
PSBP-99994,Wildlife,Monarch,Danaus plexippus,primary,Yes,jsea,CC-BY-NC,Yes,OK,"© jsea (CC-BY-NC), via iNaturalist",https://inaturalist-open-data.s3.amazonaws.com/photos/626742167/large.jpg,https://www.inaturalist.org/observations/344005669,626742167,PSBP-99994-Monarch.jpg
PSBP-99993,Wildlife,Great Blue Heron,Ardea herodias,primary,Yes,frankymca,CC-BY-NC,Yes,OK,"© frankymca (CC-BY-NC), via iNaturalist",https://inaturalist-open-data.s3.amazonaws.com/photos/672186447/large.jpg,https://www.inaturalist.org/observations/368047308,672186447,PSBP-99993-Great-Blue-Heron.jpg
PSBP-99992,Wildlife,Wood Stork,Mycteria americana,primary,Yes,mewells,CC-BY-NC,Yes,OK,"© Mark E. Wells (CC-BY-NC), via iNaturalist",https://inaturalist-open-data.s3.amazonaws.com/photos/613021640/large.jpg,https://www.inaturalist.org/observations/337221869,613021640,PSBP-99992-Wood-Stork.jpg
PSBP-99991,Wildlife,Mottled Duck,Anas fulvigula,primary,Yes,coleguyton,CC-BY-NC,Yes,OK,"© Cole Guyton (CC-BY-NC), via iNaturalist",https://inaturalist-open-data.s3.amazonaws.com/photos/635347951/large.jpg,https://www.inaturalist.org/observations/348376051,635347951,PSBP-99991-Mottled-Duck.jpg
PSBP-99990,Wildlife,Eastern Gray Squirrel,Sciurus carolinensis,primary,Yes,delphpalma,CC-BY-NC,Yes,OK,"© delphpalma (CC-BY-NC), via iNaturalist",https://inaturalist-open-data.s3.amazonaws.com/photos/176570644/large.jpg,https://www.inaturalist.org/observations/105259593,176570644,PSBP-99990-Eastern-Gray-Squirrel.jpg
PSBP-99989,Wildlife,Double-crested Cormorant,Nannopterum auritum,primary,Yes,joycem1218,CC-BY-NC,Yes,OK,"© joycem1218 (CC-BY-NC), via iNaturalist",https://inaturalist-open-data.s3.amazonaws.com/photos/609950059/large.jpg,https://www.inaturalist.org/observations/335724048,609950059,PSBP-99989-Double-crested-Cormorant.jpg
PSBP-99988,Wildlife,Peninsular Cooter,Pseudemys peninsularis,primary,Yes,coleguyton,CC-BY-NC,Yes,OK,"© Cole Guyton (CC-BY-NC), via iNaturalist",https://inaturalist-open-data.s3.amazonaws.com/photos/638116722/large.jpg,https://www.inaturalist.org/observations/349782439,638116722,PSBP-99988-Peninsular-Cooter.jpg
PSBP-99987,Wildlife,Roseate Spoonbill,Platalea ajaja,primary,Yes,,,No,MISSING — no valid-license photo,,,,,
PSBP-99986,Wildlife,Florida Softshell Turtle,Apalone ferox,primary,Yes,jwcemhc,CC-BY-NC,Yes,OK,"© jwcemhc (CC-BY-NC), via iNaturalist",https://inaturalist-open-data.s3.amazonaws.com/photos/578652546/large.jpg,https://www.inaturalist.org/observations/320073682,578652546,PSBP-99986-Florida-Softshell-Turtle.jpg
PSBP-99985,Wildlife,Tricolored Heron,Egretta tricolor,primary,Yes,coleguyton,CC-BY-NC,Yes,OK,"© Cole Guyton (CC-BY-NC), via iNaturalist",https://inaturalist-open-data.s3.amazonaws.com/photos/638116658/large.jpg,https://www.inaturalist.org/observations/349782437,638116658,PSBP-99985-Tricolored-Heron.jpg
PSBP-99984,Wildlife,Wood Duck,Aix sponsa,primary,Yes,,,No,MISSING — no valid-license photo,,,,,
PSBP-99983,Wildlife,Bald Eagle,Haliaeetus leucocephalus,primary,Yes,,,No,MISSING — no valid-license photo,,,,,
PSBP-99982,Wildlife,Osprey,Pandion haliaetus,primary,Yes,ladwings,CC-BY-NC-SA,Yes,OK,"© Laurel Ladwig (CC-BY-NC-SA), via iNaturalist",https://inaturalist-open-data.s3.amazonaws.com/photos/62439721/large.jpg,https://www.inaturalist.org/observations/39363390,62439721,PSBP-99982-Osprey.jpg
PSBP-99981,Wildlife,American White Pelican,Pelecanus erythrorhynchos,primary,Yes,randall_carter,CC-BY-NC,Yes,OK,"© Randall Carter (CC-BY-NC), via iNaturalist",https://inaturalist-open-data.s3.amazonaws.com/photos/662218200/large.jpg,https://www.inaturalist.org/observations/362812570,662218200,PSBP-99981-American-White-Pelican.jpg
PSBP-99980,Wildlife,Florida Mangrove Skipper,Phocides batabano okeechobee,primary,Yes,catalaniclaire,CC-BY-NC,Yes,OK,"© catalaniclaire (CC-BY-NC), via iNaturalist",https://inaturalist-open-data.s3.amazonaws.com/photos/532397668/large.jpg,https://www.inaturalist.org/observations/295723009,532397668,PSBP-99980-Florida-Mangrove-Skipper.jpg
PSBP-99979,Wildlife,Florida Screech-Owl,Megascops asio floridanus,primary,Yes,brice_c,CC-BY-NC,Yes,OK,"© Brice C. (CC-BY-NC), via iNaturalist",https://inaturalist-open-data.s3.amazonaws.com/photos/518341639/large.jpg,https://www.inaturalist.org/observations/288246428,518341639,PSBP-99979-Florida-Screech-Owl.jpg
PSBP-99978,Wildlife,Northern Cardinal,Cardinalis cardinalis,primary,Yes,catalaniclaire,CC-BY-NC,Yes,OK,"© catalaniclaire (CC-BY-NC), via iNaturalist",https://inaturalist-open-data.s3.amazonaws.com/photos/532397795/large.jpg,https://www.inaturalist.org/observations/295723094,532397795,PSBP-99978-Northern-Cardinal.jpg
PSBP-99977,Wildlife,Yellow-crowned Night Heron,Nyctanassa violacea,primary,Yes,celestes,CC-BY-NC,Yes,OK,"© celestes (CC-BY-NC), via iNaturalist",https://inaturalist-open-data.s3.amazonaws.com/photos/388440922/large.jpg,https://www.inaturalist.org/observations/219454927,388440922,PSBP-99977-Yellow-crowned-Night-Heron.jpg
PSBP-99976,Wildlife,Pond Slider,Trachemys scripta,primary,Yes,flowerchild1969,CC-BY-NC,Yes,OK,"© flowerchild1969 (CC-BY-NC), via iNaturalist",https://inaturalist-open-data.s3.amazonaws.com/photos/473949552/large.jpg,https://www.inaturalist.org/observations/263787920,473949552,PSBP-99976-Pond-Slider.jpg
PSBP-99975,Wildlife,Florida Red-bellied Cooter,Pseudemys nelsoni,primary,Yes,ardeljan_a_691,CC-BY-NC,Yes,OK,"© Ardeljan_A_691 (CC-BY-NC), via iNaturalist",https://inaturalist-open-data.s3.amazonaws.com/photos/578110100/large.jpg,https://www.inaturalist.org/observations/319791314,578110100,PSBP-99975-Florida-Red-bellied-Cooter.jpg
PSBP-99974,Wildlife,White Peacock,Anartia jatrophae,primary,Yes,mariaaaz,CC-BY-NC,Yes,OK,"© Maria Escobar (CC-BY-NC), via iNaturalist",https://inaturalist-open-data.s3.amazonaws.com/photos/672223250/large.jpg,https://www.inaturalist.org/observations/368067935,672223250,PSBP-99974-White-Peacock.jpg
PSBP-99973,Wildlife,Cloudless Sulphur,Phoebis sennae,primary,Yes,coleguyton,CC-BY-NC,Yes,OK,"© Cole Guyton (CC-BY-NC), via iNaturalist",https://inaturalist-open-data.s3.amazonaws.com/photos/635346355/large.jpg,https://www.inaturalist.org/observations/348375110,635346355,PSBP-99973-Cloudless-Sulphur.jpg
PSBP-99972,Wildlife,Green Heron,Butorides virescens,primary,Yes,,,No,MISSING — no valid-license photo,,,,,
PSBP-99971,Wildlife,Florida Zebra Longwing,Heliconius charithonia tuckeri,primary,Yes,pammy63,CC-BY-NC,Yes,OK,"© Pammy63 (CC-BY-NC), via iNaturalist",https://inaturalist-open-data.s3.amazonaws.com/photos/366237756/large.jpg,https://www.inaturalist.org/observations/207074393,366237756,PSBP-99971-Florida-Zebra-Longwing.jpg
PSBP-99970,Wildlife,Gulf Fritillary,Dione vanillae,primary,Yes,pammy63,CC-BY-NC,Yes,OK,"© Pammy63 (CC-BY-NC), via iNaturalist",https://inaturalist-open-data.s3.amazonaws.com/photos/366238094/large.jpg,https://www.inaturalist.org/observations/207074593,366238094,PSBP-99970-Gulf-Fritillary.jpg
